cod_reg;nom_reg;cod_pro;nom_pro;cod_com;nom_com;cod_deprov;nom_deprov;prom_lect4b_com;prom_mate4b_com;dif_lect4b_com;dif_mate4b_com;sigdif_lect4b_com;sigdif_mate4b_com;fecha_bbdd;codigo_bbdd;grado;agno
1;Región de Tarapacá;11;Iquique;1101;Iquique;11;Iquique;274;260;2;5;0;0;20250422;preliminar20240422v1;4b;2024
1;Región de Tarapacá;11;Iquique;1107;Alto Hospicio;11;Iquique;265;246;6;0;0;0;20250422;preliminar20240422v1;4b;2024
1;Región de Tarapacá;14;Tamarugal;1401;Pozo Almonte;14;Tamarugal;255;251;-1;6;0;0;20250422;preliminar20240422v1;4b;2024
1;Región de Tarapacá;14;Tamarugal;1402;Camiña;14;Tamarugal;257;261;-2;10;0;0;20250422;preliminar20240422v1;4b;2024
1;Región de Tarapacá;14;Tamarugal;1403;Colchane;14;Tamarugal;260;252;52;74;1;1;20250422;preliminar20240422v1;4b;2024
1;Región de Tarapacá;14;Tamarugal;1404;Huara;14;Tamarugal;228;224;6;-11;0;0;20250422;preliminar20240422v1;4b;2024
1;Región de Tarapacá;14;Tamarugal;1405;Pica;14;Tamarugal;252;237;6;5;0;0;20250422;preliminar20240422v1;4b;2024
2;Región de Antofagasta;21;Antofagasta;2101;Antofagasta;21;Antofagasta;277;264;2;5;0;0;20250422;preliminar20240422v1;4b;2024
2;Región de Antofagasta;21;Antofagasta;2102;Mejillones;21;Antofagasta;267;250;8;13;0;1;20250422;preliminar20240422v1;4b;2024
2;Región de Antofagasta;21;Antofagasta;2103;Sierra Gorda;21;Antofagasta;255;251;13;9;0;0;20250422;preliminar20240422v1;4b;2024
2;Región de Antofagasta;21;Antofagasta;2104;Taltal;21;Antofagasta;285;263;21;15;1;1;20250422;preliminar20240422v1;4b;2024
2;Región de Antofagasta;22;El Loa;2201;Calama;22;El Loa;281;263;7;4;1;0;20250422;preliminar20240422v1;4b;2024
2;Región de Antofagasta;22;El Loa;2202;Ollagüe;22;El Loa;282;294;0;0;0;0;20250422;preliminar20240422v1;4b;2024
2;Región de Antofagasta;22;El Loa;2203;San Pedro de Atacama;22;El Loa;248;244;-7;-7;0;0;20250422;preliminar20240422v1;4b;2024
2;Región de Antofagasta;23;Tocopilla;2301;Tocopilla;21;Antofagasta;261;249;3;7;0;0;20250422;preliminar20240422v1;4b;2024
2;Región de Antofagasta;23;Tocopilla;2302;María Elena;21;Antofagasta;254;236;0;6;0;0;20250422;preliminar20240422v1;4b;2024
3;Región de Atacama;31;Copiapó;3101;Copiapó;31;Copiapo - Chanaral;272;255;-3;-4;0;0;20250422;preliminar20240422v1;4b;2024
3;Región de Atacama;31;Copiapó;3102;Caldera;31;Copiapo - Chanaral;256;235;-10;-7;-1;0;20250422;preliminar20240422v1;4b;2024
3;Región de Atacama;31;Copiapó;3103;Tierra Amarilla;31;Copiapo - Chanaral;255;240;-28;-28;-1;-1;20250422;preliminar20240422v1;4b;2024
3;Región de Atacama;32;Chañaral;3201;Chañaral;31;Copiapo - Chanaral;263;249;22;13;1;1;20250422;preliminar20240422v1;4b;2024
3;Región de Atacama;32;Chañaral;3202;Diego de Almagro;31;Copiapo - Chanaral;259;253;-2;5;0;0;20250422;preliminar20240422v1;4b;2024
3;Región de Atacama;33;Huasco;3301;Vallenar;32;Huasco - Vallenar;279;270;5;8;0;1;20250422;preliminar20240422v1;4b;2024
3;Región de Atacama;33;Huasco;3302;Alto del Carmen;32;Huasco - Vallenar;265;261;-6;8;0;0;20250422;preliminar20240422v1;4b;2024
3;Región de Atacama;33;Huasco;3303;Freirina;32;Huasco - Vallenar;272;259;19;21;1;1;20250422;preliminar20240422v1;4b;2024
3;Región de Atacama;33;Huasco;3304;Huasco;32;Huasco - Vallenar;262;242;0;6;0;0;20250422;preliminar20240422v1;4b;2024
4;Región de Coquimbo;41;Elqui;4101;La Serena;41;Elqui;280;264;6;4;1;0;20250422;preliminar20240422v1;4b;2024
4;Región de Coquimbo;41;Elqui;4102;Coquimbo;41;Elqui;274;258;4;2;0;0;20250422;preliminar20240422v1;4b;2024
4;Región de Coquimbo;41;Elqui;4103;Andacollo;41;Elqui;303;288;21;16;1;1;20250422;preliminar20240422v1;4b;2024
4;Región de Coquimbo;41;Elqui;4104;La Higuera;41;Elqui;241;227;-9;2;0;0;20250422;preliminar20240422v1;4b;2024
4;Región de Coquimbo;41;Elqui;4105;Paihuano;41;Elqui;270;250;20;7;1;0;20250422;preliminar20240422v1;4b;2024
4;Región de Coquimbo;41;Elqui;4106;Vicuña;41;Elqui;278;259;21;14;1;1;20250422;preliminar20240422v1;4b;2024
4;Región de Coquimbo;43;Limarí;4303;Monte Patria;42;Limari;273;267;11;11;1;1;20250422;preliminar20240422v1;4b;2024
4;Región de Coquimbo;43;Limarí;4304;Punitaqui;42;Limari;269;256;4;7;0;0;20250422;preliminar20240422v1;4b;2024
4;Región de Coquimbo;43;Limarí;4305;Río Hurtado;42;Limari;263;248;-9;-5;0;0;20250422;preliminar20240422v1;4b;2024
4;Región de Coquimbo;42;Choapa;4201;Illapel;43;Choapa;267;248;1;9;0;1;20250422;preliminar20240422v1;4b;2024
4;Región de Coquimbo;42;Choapa;4202;Canela;43;Choapa;279;268;10;33;0;1;20250422;preliminar20240422v1;4b;2024
4;Región de Coquimbo;42;Choapa;4203;Los Vilos;43;Choapa;263;251;3;8;0;0;20250422;preliminar20240422v1;4b;2024
4;Región de Coquimbo;42;Choapa;4204;Salamanca;43;Choapa;267;252;9;9;1;1;20250422;preliminar20240422v1;4b;2024
4;Región de Coquimbo;43;Limarí;4301;Ovalle;42;Limari;282;265;12;7;1;1;20250422;preliminar20240422v1;4b;2024
4;Región de Coquimbo;43;Limarí;4302;Combarbalá;42;Limari;273;263;13;22;1;1;20250422;preliminar20240422v1;4b;2024
5;Región de Valparaíso;51;Valparaíso;5101;Valparaíso;53;Valparaiso - Isla;268;255;6;6;0;0;20250422;preliminar20240422v1;4b;2024
5;Región de Valparaíso;51;Valparaíso;5102;Casablanca;53;Valparaiso - Isla;266;255;2;8;0;1;20250422;preliminar20240422v1;4b;2024
5;Región de Valparaíso;51;Valparaíso;5103;Concón;53;Valparaiso - Isla;282;276;1;5;0;0;20250422;preliminar20240422v1;4b;2024
5;Región de Valparaíso;51;Valparaíso;5104;Juan Fernández;53;Valparaiso - Isla;252;234;22;1;0;0;20250422;preliminar20240422v1;4b;2024
5;Región de Valparaíso;51;Valparaíso;5105;Puchuncaví;53;Valparaiso - Isla;261;242;2;0;0;0;20250422;preliminar20240422v1;4b;2024
5;Región de Valparaíso;51;Valparaíso;5107;Quintero;53;Valparaiso - Isla;264;254;-3;0;0;0;20250422;preliminar20240422v1;4b;2024
5;Región de Valparaíso;58;Marga Marga;5803;Olmué;51;Quillota - Petorca;271;251;9;7;0;0;20250422;preliminar20240422v1;4b;2024
5;Región de Valparaíso;58;Marga Marga;5804;Villa Alemana;53;Valparaiso - Isla;276;263;6;4;1;0;20250422;preliminar20240422v1;4b;2024
5;Región de Valparaíso;57;San Felipe;5703;Llaillay;52;San Felipe - Los A;260;246;-4;0;0;0;20250422;preliminar20240422v1;4b;2024
5;Región de Valparaíso;57;San Felipe;5704;Panquehue;52;San Felipe - Los A;279;275;11;21;1;1;20250422;preliminar20240422v1;4b;2024
5;Región de Valparaíso;57;San Felipe;5705;Putaendo;52;San Felipe - Los A;259;246;0;-1;0;0;20250422;preliminar20240422v1;4b;2024
5;Región de Valparaíso;57;San Felipe;5706;Santa María;52;San Felipe - Los A;268;250;-4;-3;0;0;20250422;preliminar20240422v1;4b;2024
5;Región de Valparaíso;58;Marga Marga;5801;Quilpué;53;Valparaiso - Isla;270;256;2;4;0;0;20250422;preliminar20240422v1;4b;2024
5;Región de Valparaíso;58;Marga Marga;5802;Limache;51;Quillota - Petorca;265;252;-3;-2;0;0;20250422;preliminar20240422v1;4b;2024
5;Región de Valparaíso;56;San Antonio;5603;Cartagena;54;San Antonio;264;258;12;18;1;1;20250422;preliminar20240422v1;4b;2024
5;Región de Valparaíso;56;San Antonio;5604;El Quisco;54;San Antonio;269;250;8;2;0;0;20250422;preliminar20240422v1;4b;2024
5;Región de Valparaíso;56;San Antonio;5605;El Tabo;54;San Antonio;266;245;9;5;0;0;20250422;preliminar20240422v1;4b;2024
5;Región de Valparaíso;56;San Antonio;5606;Santo Domingo;54;San Antonio;286;268;13;11;1;1;20250422;preliminar20240422v1;4b;2024
5;Región de Valparaíso;57;San Felipe;5701;San Felipe;52;San Felipe - Los A;273;257;6;7;0;0;20250422;preliminar20240422v1;4b;2024
5;Región de Valparaíso;57;San Felipe;5702;Catemu;52;San Felipe - Los A;267;253;-1;4;0;0;20250422;preliminar20240422v1;4b;2024
5;Región de Valparaíso;55;Quillota;5502;La Calera;51;Quillota - Petorca;270;259;3;5;0;0;20250422;preliminar20240422v1;4b;2024
5;Región de Valparaíso;55;Quillota;5503;Hijuelas;51;Quillota - Petorca;253;246;-10;-2;-1;0;20250422;preliminar20240422v1;4b;2024
5;Región de Valparaíso;55;Quillota;5504;La Cruz;51;Quillota - Petorca;266;240;15;9;1;1;20250422;preliminar20240422v1;4b;2024
5;Región de Valparaíso;55;Quillota;5506;Nogales;51;Quillota - Petorca;259;244;-8;-6;0;0;20250422;preliminar20240422v1;4b;2024
5;Región de Valparaíso;56;San Antonio;5601;San Antonio;54;San Antonio;273;256;7;6;1;1;20250422;preliminar20240422v1;4b;2024
5;Región de Valparaíso;56;San Antonio;5602;Algarrobo;54;San Antonio;270;250;10;7;1;0;20250422;preliminar20240422v1;4b;2024
5;Región de Valparaíso;54;Petorca;5401;La Ligua;51;Quillota - Petorca;274;255;5;2;0;0;20250422;preliminar20240422v1;4b;2024
5;Región de Valparaíso;54;Petorca;5402;Cabildo;51;Quillota - Petorca;271;258;4;10;0;1;20250422;preliminar20240422v1;4b;2024
5;Región de Valparaíso;54;Petorca;5403;Papudo;51;Quillota - Petorca;263;246;5;5;0;0;20250422;preliminar20240422v1;4b;2024
5;Región de Valparaíso;54;Petorca;5404;Petorca;51;Quillota - Petorca;276;257;9;3;0;0;20250422;preliminar20240422v1;4b;2024
5;Región de Valparaíso;54;Petorca;5405;Zapallar;51;Quillota - Petorca;272;258;-6;-13;0;-1;20250422;preliminar20240422v1;4b;2024
5;Región de Valparaíso;55;Quillota;5501;Quillota;51;Quillota - Petorca;279;265;10;7;1;1;20250422;preliminar20240422v1;4b;2024
5;Región de Valparaíso;51;Valparaíso;5109;Viña del Mar;53;Valparaiso - Isla;277;265;5;6;1;1;20250422;preliminar20240422v1;4b;2024
5;Región de Valparaíso;52;Isla de Pas;5201;Isla de Pascua;53;Valparaiso - Isla;259;240;-1;-14;0;-1;20250422;preliminar20240422v1;4b;2024
5;Región de Valparaíso;53;Los Andes;5301;Los Andes;52;San Felipe - Los A;280;262;6;1;0;0;20250422;preliminar20240422v1;4b;2024
5;Región de Valparaíso;53;Los Andes;5302;Calle Larga;52;San Felipe - Los A;275;258;11;11;1;1;20250422;preliminar20240422v1;4b;2024
5;Región de Valparaíso;53;Los Andes;5303;Rinconada;52;San Felipe - Los A;281;259;14;12;1;1;20250422;preliminar20240422v1;4b;2024
5;Región de Valparaíso;53;Los Andes;5304;San Esteban;52;San Felipe - Los A;281;263;7;3;0;0;20250422;preliminar20240422v1;4b;2024
6;Región del Libertador;61;Cachapoal;6101;Rancagua;61;Cachapoal;280;265;4;5;0;0;20250422;preliminar20240422v1;4b;2024
6;Región del Libertador;61;Cachapoal;6102;Codegua;61;Cachapoal;263;246;26;17;1;1;20250422;preliminar20240422v1;4b;2024
6;Región del Libertador;61;Cachapoal;6103;Coinco;61;Cachapoal;280;266;1;4;0;0;20250422;preliminar20240422v1;4b;2024
6;Región del Libertador;61;Cachapoal;6104;Coltauco;61;Cachapoal;281;275;9;16;1;1;20250422;preliminar20240422v1;4b;2024
6;Región del Libertador;61;Cachapoal;6105;Doñihue;61;Cachapoal;284;272;11;0;1;0;20250422;preliminar20240422v1;4b;2024
6;Región del Libertador;61;Cachapoal;6106;Graneros;61;Cachapoal;273;260;10;10;1;1;20250422;preliminar20240422v1;4b;2024
6;Región del Libertador;63;Colchagua;6308;Placilla;62;Colchagua;282;266;28;25;1;1;20250422;preliminar20240422v1;4b;2024
6;Región del Libertador;63;Colchagua;6309;Pumanque;62;Colchagua;286;270;17;27;1;1;20250422;preliminar20240422v1;4b;2024
6;Región del Libertador;63;Colchagua;6310;Santa Cruz;62;Colchagua;283;283;1;7;0;1;20250422;preliminar20240422v1;4b;2024
6;Región del Libertador;63;Colchagua;6302;Chépica;62;Colchagua;283;266;5;-1;0;0;20250422;preliminar20240422v1;4b;2024
6;Región del Libertador;63;Colchagua;6303;Chimbarongo;62;Colchagua;268;259;2;1;0;0;20250422;preliminar20240422v1;4b;2024
6;Región del Libertador;63;Colchagua;6304;Lolol;62;Colchagua;282;271;36;25;1;1;20250422;preliminar20240422v1;4b;2024
6;Región del Libertador;63;Colchagua;6305;Nancagua;62;Colchagua;287;276;10;10;1;1;20250422;preliminar20240422v1;4b;2024
6;Región del Libertador;63;Colchagua;6306;Palmilla;62;Colchagua;263;258;-4;3;0;0;20250422;preliminar20240422v1;4b;2024
6;Región del Libertador;63;Colchagua;6307;Peralillo;62;Colchagua;270;259;15;13;1;1;20250422;preliminar20240422v1;4b;2024
6;Región del Libertador;62;Cardenal Ca;6202;La Estrella;63;Cardenal Caro;261;247;-2;-21;0;-1;20250422;preliminar20240422v1;4b;2024
6;Región del Libertador;62;Cardenal Ca;6203;Litueche;63;Cardenal Caro;260;247;11;8;1;0;20250422;preliminar20240422v1;4b;2024
6;Región del Libertador;62;Cardenal Ca;6204;Marchihue;63;Cardenal Caro;269;265;-6;4;0;0;20250422;preliminar20240422v1;4b;2024
6;Región del Libertador;62;Cardenal Ca;6205;Navidad;63;Cardenal Caro;262;245;8;1;0;0;20250422;preliminar20240422v1;4b;2024
6;Región del Libertador;62;Cardenal Ca;6206;Paredones;63;Cardenal Caro;280;263;7;6;0;0;20250422;preliminar20240422v1;4b;2024
6;Región del Libertador;63;Colchagua;6301;San Fernando;62;Colchagua;274;260;4;3;0;0;20250422;preliminar20240422v1;4b;2024
6;Región del Libertador;61;Cachapoal;6113;Pichidegua;61;Cachapoal;266;260;-5;-3;0;0;20250422;preliminar20240422v1;4b;2024
6;Región del Libertador;61;Cachapoal;6114;Quinta de Tilcoco;61;Cachapoal;261;246;-7;6;0;0;20250422;preliminar20240422v1;4b;2024
6;Región del Libertador;61;Cachapoal;6115;Rengo;61;Cachapoal;279;266;15;11;1;1;20250422;preliminar20240422v1;4b;2024
6;Región del Libertador;61;Cachapoal;6116;Requínoa;61;Cachapoal;259;243;-3;-6;0;0;20250422;preliminar20240422v1;4b;2024
6;Región del Libertador;61;Cachapoal;6117;San Vicente;61;Cachapoal;271;254;1;1;0;0;20250422;preliminar20240422v1;4b;2024
6;Región del Libertador;62;Cardenal Ca;6201;Pichilemu;63;Cardenal Caro;275;259;10;17;1;1;20250422;preliminar20240422v1;4b;2024
6;Región del Libertador;61;Cachapoal;6107;Las Cabras;61;Cachapoal;266;252;9;10;1;1;20250422;preliminar20240422v1;4b;2024
6;Región del Libertador;61;Cachapoal;6108;Machalí;61;Cachapoal;297;283;14;7;1;0;20250422;preliminar20240422v1;4b;2024
6;Región del Libertador;61;Cachapoal;6109;Malloa;61;Cachapoal;279;265;20;26;1;1;20250422;preliminar20240422v1;4b;2024
6;Región del Libertador;61;Cachapoal;6110;Mostazal;61;Cachapoal;263;251;8;6;0;0;20250422;preliminar20240422v1;4b;2024
6;Región del Libertador;61;Cachapoal;6111;Olivar;61;Cachapoal;288;276;17;19;1;1;20250422;preliminar20240422v1;4b;2024
6;Región del Libertador;61;Cachapoal;6112;Peumo;61;Cachapoal;273;257;8;7;0;0;20250422;preliminar20240422v1;4b;2024
7;Región del Maule;71;Talca;7101;Talca;72;Talca;283;269;10;6;1;1;20250422;preliminar20240422v1;4b;2024
7;Región del Maule;71;Talca;7102;Constitución;72;Talca;289;280;0;5;0;0;20250422;preliminar20240422v1;4b;2024
7;Región del Maule;71;Talca;7103;Curepto;72;Talca;294;288;9;13;0;1;20250422;preliminar20240422v1;4b;2024
7;Región del Maule;71;Talca;7104;Empedrado;72;Talca;297;268;35;2;1;0;20250422;preliminar20240422v1;4b;2024
7;Región del Maule;71;Talca;7105;Maule;72;Talca;281;269;8;4;1;0;20250422;preliminar20240422v1;4b;2024
7;Región del Maule;71;Talca;7106;Pelarco;72;Talca;267;246;6;7;0;0;20250422;preliminar20240422v1;4b;2024
7;Región del Maule;74;Linares;7403;Longaví;73;Linares;271;253;7;5;0;0;20250422;preliminar20240422v1;4b;2024
7;Región del Maule;74;Linares;7404;Parral;73;Linares;279;269;5;5;0;0;20250422;preliminar20240422v1;4b;2024
7;Región del Maule;74;Linares;7405;Retiro;73;Linares;269;258;7;10;0;1;20250422;preliminar20240422v1;4b;2024
7;Región del Maule;74;Linares;7406;San Javier;73;Linares;278;272;14;13;1;1;20250422;preliminar20240422v1;4b;2024
7;Región del Maule;74;Linares;7407;Villa Alegre;73;Linares;263;247;3;5;0;0;20250422;preliminar20240422v1;4b;2024
7;Región del Maule;74;Linares;7408;Yerbas Buenas;73;Linares;289;280;27;26;1;1;20250422;preliminar20240422v1;4b;2024
7;Región del Maule;73;Curicó;7306;Romeral;71;Curico;281;277;9;14;0;1;20250422;preliminar20240422v1;4b;2024
7;Región del Maule;73;Curicó;7307;Sagrada Familia;71;Curico;275;262;-1;-7;0;0;20250422;preliminar20240422v1;4b;2024
7;Región del Maule;73;Curicó;7308;Teno;71;Curico;273;264;8;11;0;1;20250422;preliminar20240422v1;4b;2024
7;Región del Maule;73;Curicó;7309;Vichuquén;71;Curico;261;250;-23;-30;-1;-1;20250422;preliminar20240422v1;4b;2024
7;Región del Maule;74;Linares;7401;Linares;73;Linares;285;271;9;8;1;1;20250422;preliminar20240422v1;4b;2024
7;Región del Maule;74;Linares;7402;Colbún;73;Linares;266;250;8;8;0;1;20250422;preliminar20240422v1;4b;2024
7;Región del Maule;72;Cauquenes;7203;Pelluhue;74;Cauquenes;270;259;-6;-1;0;0;20250422;preliminar20240422v1;4b;2024
7;Región del Maule;73;Curicó;7301;Curicó;71;Curico;284;274;9;9;1;1;20250422;preliminar20240422v1;4b;2024
7;Región del Maule;73;Curicó;7302;Hualañé;71;Curico;273;262;4;3;0;0;20250422;preliminar20240422v1;4b;2024
7;Región del Maule;73;Curicó;7303;Licantén;71;Curico;287;280;2;14;0;1;20250422;preliminar20240422v1;4b;2024
7;Región del Maule;73;Curicó;7304;Molina;71;Curico;271;265;2;11;0;1;20250422;preliminar20240422v1;4b;2024
7;Región del Maule;73;Curicó;7305;Rauco;71;Curico;263;256;0;19;0;1;20250422;preliminar20240422v1;4b;2024
7;Región del Maule;71;Talca;7107;Pencahue;72;Talca;257;248;1;2;0;0;20250422;preliminar20240422v1;4b;2024
7;Región del Maule;71;Talca;7108;Río Claro;72;Talca;258;244;8;13;0;1;20250422;preliminar20240422v1;4b;2024
7;Región del Maule;71;Talca;7109;San Clemente;72;Talca;280;270;14;15;1;1;20250422;preliminar20240422v1;4b;2024
7;Región del Maule;71;Talca;7110;San Rafael;72;Talca;269;263;4;18;0;1;20250422;preliminar20240422v1;4b;2024
7;Región del Maule;72;Cauquenes;7201;Cauquenes;74;Cauquenes;277;266;7;9;1;1;20250422;preliminar20240422v1;4b;2024
7;Región del Maule;72;Cauquenes;7202;Chanco;74;Cauquenes;280;263;4;12;0;1;20250422;preliminar20240422v1;4b;2024
8;Región del Biobío;81;Concepción;8101;Concepción;83;Concepcion;285;271;6;6;0;1;20250422;preliminar20240422v1;4b;2024
8;Región del Biobío;81;Concepción;8102;Coronel;83;Concepcion;272;253;8;4;1;0;20250422;preliminar20240422v1;4b;2024
8;Región del Biobío;81;Concepción;8103;Chiguayante;83;Concepcion;288;276;6;5;0;0;20250422;preliminar20240422v1;4b;2024
8;Región del Biobío;81;Concepción;8104;Florida;83;Concepcion;266;266;13;24;1;1;20250422;preliminar20240422v1;4b;2024
8;Región del Biobío;81;Concepción;8105;Hualqui;83;Concepcion;265;259;-2;8;0;1;20250422;preliminar20240422v1;4b;2024
8;Región del Biobío;81;Concepción;8106;Lota;83;Concepcion;267;252;1;8;0;1;20250422;preliminar20240422v1;4b;2024
8;Región del Biobío;83;Biobío;8312;Tucapel;82;Bio Bio;267;250;9;2;0;0;20250422;preliminar20240422v1;4b;2024
8;Región del Biobío;83;Biobío;8313;Yumbel;82;Bio Bio;272;255;15;12;1;1;20250422;preliminar20240422v1;4b;2024
8;Región del Biobío;83;Biobío;8314;Alto Biobío;82;Bio Bio;248;218;16;6;1;0;20250422;preliminar20240422v1;4b;2024
8;Región del Biobío;83;Biobío;8306;Nacimiento;82;Bio Bio;279;267;4;2;0;0;20250422;preliminar20240422v1;4b;2024
8;Región del Biobío;83;Biobío;8307;Negrete;82;Bio Bio;283;284;8;11;0;1;20250422;preliminar20240422v1;4b;2024
8;Región del Biobío;83;Biobío;8308;Quilaco;82;Bio Bio;249;232;10;18;0;1;20250422;preliminar20240422v1;4b;2024
8;Región del Biobío;83;Biobío;8309;Quilleco;82;Bio Bio;258;249;-17;-12;-1;-1;20250422;preliminar20240422v1;4b;2024
8;Región del Biobío;83;Biobío;8310;San Rosendo;82;Bio Bio;291;286;21;24;1;1;20250422;preliminar20240422v1;4b;2024
8;Región del Biobío;83;Biobío;8311;Santa Bárbara;82;Bio Bio;270;254;0;-3;0;0;20250422;preliminar20240422v1;4b;2024
8;Región del Biobío;82;Arauco;8207;Tirúa;84;Arauco;265;256;11;23;1;1;20250422;preliminar20240422v1;4b;2024
8;Región del Biobío;83;Biobío;8301;Los Ángeles;82;Bio Bio;276;268;0;4;0;0;20250422;preliminar20240422v1;4b;2024
8;Región del Biobío;83;Biobío;8302;Antuco;82;Bio Bio;268;253;0;-4;0;0;20250422;preliminar20240422v1;4b;2024
8;Región del Biobío;83;Biobío;8303;Cabrero;82;Bio Bio;281;267;12;13;1;1;20250422;preliminar20240422v1;4b;2024
8;Región del Biobío;83;Biobío;8304;Laja;82;Bio Bio;279;268;5;9;0;1;20250422;preliminar20240422v1;4b;2024
8;Región del Biobío;83;Biobío;8305;Mulchén;82;Bio Bio;265;252;-1;1;0;0;20250422;preliminar20240422v1;4b;2024
8;Región del Biobío;82;Arauco;8201;Lebu;84;Arauco;283;266;15;18;1;1;20250422;preliminar20240422v1;4b;2024
8;Región del Biobío;82;Arauco;8202;Arauco;84;Arauco;285;275;14;15;1;1;20250422;preliminar20240422v1;4b;2024
8;Región del Biobío;82;Arauco;8203;Cañete;84;Arauco;282;271;10;15;1;1;20250422;preliminar20240422v1;4b;2024
8;Región del Biobío;82;Arauco;8204;Contulmo;84;Arauco;264;236;8;-2;0;0;20250422;preliminar20240422v1;4b;2024
8;Región del Biobío;82;Arauco;8205;Curanilahue;84;Arauco;276;270;14;17;1;1;20250422;preliminar20240422v1;4b;2024
8;Región del Biobío;82;Arauco;8206;Los Álamos;84;Arauco;270;260;4;10;0;1;20250422;preliminar20240422v1;4b;2024
8;Región del Biobío;81;Concepción;8107;Penco;83;Concepcion;272;261;6;8;0;1;20250422;preliminar20240422v1;4b;2024
8;Región del Biobío;81;Concepción;8108;San Pedro de la Paz;83;Concepcion;282;271;3;4;0;0;20250422;preliminar20240422v1;4b;2024
8;Región del Biobío;81;Concepción;8109;Santa Juana;83;Concepcion;279;265;15;26;1;1;20250422;preliminar20240422v1;4b;2024
8;Región del Biobío;81;Concepción;8110;Talcahuano;83;Concepcion;281;266;8;8;1;1;20250422;preliminar20240422v1;4b;2024
8;Región del Biobío;81;Concepción;8111;Tomé;83;Concepcion;298;274;10;7;1;1;20250422;preliminar20240422v1;4b;2024
8;Región del Biobío;81;Concepción;8112;Hualpén;83;Concepcion;279;266;4;3;0;0;20250422;preliminar20240422v1;4b;2024
9;Región de La Araucaní;91;Cautín;9101;Temuco;92;Cautin Norte;283;269;7;6;1;1;20250422;preliminar20240422v1;4b;2024
9;Región de La Araucaní;91;Cautín;9102;Carahue;92;Cautin Norte;272;261;14;21;1;1;20250422;preliminar20240422v1;4b;2024
9;Región de La Araucaní;91;Cautín;9103;Cunco;92;Cautin Norte;279;267;9;9;1;1;20250422;preliminar20240422v1;4b;2024
9;Región de La Araucaní;91;Cautín;9104;Curarrehue;93;Cautin Sur;263;249;0;5;0;0;20250422;preliminar20240422v1;4b;2024
9;Región de La Araucaní;91;Cautín;9105;Freire;93;Cautin Sur;271;248;14;6;1;0;20250422;preliminar20240422v1;4b;2024
9;Región de La Araucaní;91;Cautín;9106;Galvarino;92;Cautin Norte;254;239;-9;-2;-1;0;20250422;preliminar20240422v1;4b;2024
9;Región de La Araucaní;92;Malleco;9210;Traiguén;91;Malleco;280;277;12;21;1;1;20250422;preliminar20240422v1;4b;2024
9;Región de La Araucaní;92;Malleco;9211;Victoria;91;Malleco;271;246;11;4;1;0;20250422;preliminar20240422v1;4b;2024
9;Región de La Araucaní;92;Malleco;9204;Ercilla;91;Malleco;264;246;8;9;0;0;20250422;preliminar20240422v1;4b;2024
9;Región de La Araucaní;92;Malleco;9205;Lonquimay;91;Malleco;266;248;4;8;0;0;20250422;preliminar20240422v1;4b;2024
9;Región de La Araucaní;92;Malleco;9206;Los Sauces;91;Malleco;285;259;11;-11;1;-1;20250422;preliminar20240422v1;4b;2024
9;Región de La Araucaní;92;Malleco;9207;Lumaco;91;Malleco;252;243;-7;1;0;0;20250422;preliminar20240422v1;4b;2024
9;Región de La Araucaní;92;Malleco;9208;Purén;91;Malleco;267;255;20;22;1;1;20250422;preliminar20240422v1;4b;2024
9;Región de La Araucaní;92;Malleco;9209;Renaico;91;Malleco;278;259;8;-2;0;0;20250422;preliminar20240422v1;4b;2024
9;Región de La Araucaní;91;Cautín;9119;Vilcún;92;Cautin Norte;267;250;10;7;1;0;20250422;preliminar20240422v1;4b;2024
9;Región de La Araucaní;91;Cautín;9120;Villarrica;93;Cautin Sur;275;258;4;3;0;0;20250422;preliminar20240422v1;4b;2024
9;Región de La Araucaní;91;Cautín;9121;Cholchol;92;Cautin Norte;266;252;7;14;0;1;20250422;preliminar20240422v1;4b;2024
9;Región de La Araucaní;92;Malleco;9201;Angol;91;Malleco;286;272;7;8;0;1;20250422;preliminar20240422v1;4b;2024
9;Región de La Araucaní;92;Malleco;9202;Collipulli;91;Malleco;263;252;4;5;0;0;20250422;preliminar20240422v1;4b;2024
9;Región de La Araucaní;92;Malleco;9203;Curacautín;91;Malleco;273;259;4;9;0;1;20250422;preliminar20240422v1;4b;2024
9;Región de La Araucaní;91;Cautín;9113;Perquenco;92;Cautin Norte;267;252;4;-3;0;0;20250422;preliminar20240422v1;4b;2024
9;Región de La Araucaní;91;Cautín;9114;Pitrufquén;93;Cautin Sur;273;260;0;1;0;0;20250422;preliminar20240422v1;4b;2024
9;Región de La Araucaní;91;Cautín;9115;Pucón;93;Cautin Sur;274;260;1;2;0;0;20250422;preliminar20240422v1;4b;2024
9;Región de La Araucaní;91;Cautín;9116;Saavedra;92;Cautin Norte;261;241;6;6;0;0;20250422;preliminar20240422v1;4b;2024
9;Región de La Araucaní;91;Cautín;9117;Teodoro Schmidt;93;Cautin Sur;275;258;4;11;0;1;20250422;preliminar20240422v1;4b;2024
9;Región de La Araucaní;91;Cautín;9118;Toltén;93;Cautin Sur;275;271;-1;10;0;1;20250422;preliminar20240422v1;4b;2024
9;Región de La Araucaní;91;Cautín;9107;Gorbea;93;Cautin Sur;263;249;0;-1;0;0;20250422;preliminar20240422v1;4b;2024
9;Región de La Araucaní;91;Cautín;9108;Lautaro;92;Cautin Norte;276;255;8;5;1;0;20250422;preliminar20240422v1;4b;2024
9;Región de La Araucaní;91;Cautín;9109;Loncoche;93;Cautin Sur;273;251;4;5;0;0;20250422;preliminar20240422v1;4b;2024
9;Región de La Araucaní;91;Cautín;9110;Melipeuco;92;Cautin Norte;273;247;13;11;1;1;20250422;preliminar20240422v1;4b;2024
9;Región de La Araucaní;91;Cautín;9111;Nueva Imperial;92;Cautin Norte;267;253;6;7;0;1;20250422;preliminar20240422v1;4b;2024
9;Región de La Araucaní;91;Cautín;9112;Padre las Casas;93;Cautin Sur;263;250;4;4;0;0;20250422;preliminar20240422v1;4b;2024
10;Región de Los Lagos;101;Llanquihue;10101;Puerto Montt;101;Llanquihue;277;262;5;5;0;0;20250422;preliminar20240422v1;4b;2024
10;Región de Los Lagos;101;Llanquihue;10102;Calbuco;101;Llanquihue;267;258;3;5;0;0;20250422;preliminar20240422v1;4b;2024
10;Región de Los Lagos;101;Llanquihue;10103;Cochamó;101;Llanquihue;244;260;-34;6;-1;0;20250422;preliminar20240422v1;4b;2024
10;Región de Los Lagos;101;Llanquihue;10104;Fresia;101;Llanquihue;263;241;-1;1;0;0;20250422;preliminar20240422v1;4b;2024
10;Región de Los Lagos;101;Llanquihue;10105;Frutillar;101;Llanquihue;275;256;14;11;1;1;20250422;preliminar20240422v1;4b;2024
10;Región de Los Lagos;101;Llanquihue;10106;Los Muermos;101;Llanquihue;270;256;17;10;1;1;20250422;preliminar20240422v1;4b;2024
10;Región de Los Lagos;103;Osorno;10306;San Juan de la Costa;103;Osorno;261;246;-8;2;0;0;20250422;preliminar20240422v1;4b;2024
10;Región de Los Lagos;103;Osorno;10307;San Pablo;103;Osorno;274;252;11;8;1;0;20250422;preliminar20240422v1;4b;2024
10;Región de Los Lagos;104;Palena;10401;Chaitén;104;Palena;245;230;-13;-9;0;0;20250422;preliminar20240422v1;4b;2024
10;Región de Los Lagos;104;Palena;10402;Futaleufú;104;Palena;252;252;-14;-2;0;0;20250422;preliminar20240422v1;4b;2024
10;Región de Los Lagos;104;Palena;10403;Hualaihué;101;Llanquihue;254;229;-2;-3;0;0;20250422;preliminar20240422v1;4b;2024
10;Región de Los Lagos;104;Palena;10404;Palena;104;Palena;289;273;-3;-3;0;0;20250422;preliminar20240422v1;4b;2024
10;Región de Los Lagos;102;Chiloé;10210;Quinchao;102;Chiloe;273;270;-12;-2;-1;0;20250422;preliminar20240422v1;4b;2024
10;Región de Los Lagos;103;Osorno;10301;Osorno;103;Osorno;284;271;9;9;1;1;20250422;preliminar20240422v1;4b;2024
10;Región de Los Lagos;103;Osorno;10302;Puerto Octay;103;Osorno;269;261;14;13;1;1;20250422;preliminar20240422v1;4b;2024
10;Región de Los Lagos;103;Osorno;10303;Purranque;103;Osorno;276;253;22;8;1;1;20250422;preliminar20240422v1;4b;2024
10;Región de Los Lagos;103;Osorno;10304;Puyehue;103;Osorno;263;243;9;9;0;0;20250422;preliminar20240422v1;4b;2024
10;Región de Los Lagos;103;Osorno;10305;Río Negro;103;Osorno;261;246;7;12;0;1;20250422;preliminar20240422v1;4b;2024
10;Región de Los Lagos;102;Chiloé;10204;Curaco de Vélez;102;Chiloe;291;262;14;-3;0;0;20250422;preliminar20240422v1;4b;2024
10;Región de Los Lagos;102;Chiloé;10205;Dalcahue;102;Chiloe;278;266;16;11;1;1;20250422;preliminar20240422v1;4b;2024
10;Región de Los Lagos;102;Chiloé;10206;Puqueldón;102;Chiloe;271;274;5;24;0;1;20250422;preliminar20240422v1;4b;2024
10;Región de Los Lagos;102;Chiloé;10207;Queilén;102;Chiloe;259;244;-7;5;0;0;20250422;preliminar20240422v1;4b;2024
10;Región de Los Lagos;102;Chiloé;10208;Quellón;102;Chiloe;266;244;7;5;0;0;20250422;preliminar20240422v1;4b;2024
10;Región de Los Lagos;102;Chiloé;10209;Quemchi;102;Chiloe;275;261;9;5;0;0;20250422;preliminar20240422v1;4b;2024
10;Región de Los Lagos;101;Llanquihue;10107;Llanquihue;101;Llanquihue;271;256;-3;5;0;0;20250422;preliminar20240422v1;4b;2024
10;Región de Los Lagos;101;Llanquihue;10108;Maullín;101;Llanquihue;273;255;3;-5;0;0;20250422;preliminar20240422v1;4b;2024
10;Región de Los Lagos;101;Llanquihue;10109;Puerto Varas;101;Llanquihue;281;265;-1;-5;0;0;20250422;preliminar20240422v1;4b;2024
10;Región de Los Lagos;102;Chiloé;10201;Castro;102;Chiloe;278;259;8;3;1;0;20250422;preliminar20240422v1;4b;2024
10;Región de Los Lagos;102;Chiloé;10202;Ancud;102;Chiloe;280;262;5;0;0;0;20250422;preliminar20240422v1;4b;2024
10;Región de Los Lagos;102;Chiloé;10203;Chonchi;102;Chiloe;276;246;10;1;1;0;20250422;preliminar20240422v1;4b;2024
11;Región de Aysén del G;111;Coyhaique;11101;Coyhaique;111;Coyhaique;274;256;8;5;1;0;20250422;preliminar20240422v1;4b;2024
11;Región de Aysén del G;111;Coyhaique;11102;Lago Verde;111;Coyhaique;278;274;0;0;0;0;20250422;preliminar20240422v1;4b;2024
11;Región de Aysén del G;112;Aysén;11201;Aysén;111;Coyhaique;289;271;21;18;1;1;20250422;preliminar20240422v1;4b;2024
11;Región de Aysén del G;112;Aysén;11202;Cisnes;111;Coyhaique;267;252;16;12;1;1;20250422;preliminar20240422v1;4b;2024
11;Región de Aysén del G;112;Aysén;11203;Guaitecas;111;Coyhaique;269;243;-19;-8;-1;0;20250422;preliminar20240422v1;4b;2024
11;Región de Aysén del G;113;Capitán Pra;11301;Cochrane;111;Coyhaique;274;265;3;1;0;0;20250422;preliminar20240422v1;4b;2024
11;Región de Aysén del G;113;Capitán Pra;11302;O'higgins;111;Coyhaique;280;247;-5;-28;0;-1;20250422;preliminar20240422v1;4b;2024
11;Región de Aysén del G;113;Capitán Pra;11303;Tortel;111;Coyhaique;279;293;-9;10;0;0;20250422;preliminar20240422v1;4b;2024
11;Región de Aysén del G;114;General Car;11401;Chile Chico;111;Coyhaique;265;240;-8;-18;0;-1;20250422;preliminar20240422v1;4b;2024
11;Región de Aysén del G;114;General Car;11402;Río Ibáñez;111;Coyhaique;269;267;13;29;0;1;20250422;preliminar20240422v1;4b;2024
12;Región de Magallanes;121;Magallanes;12101;Punta Arenas;121;Magallanes;279;265;7;5;1;0;20250422;preliminar20240422v1;4b;2024
12;Región de Magallanes;121;Magallanes;12102;Laguna Blanca;121;Magallanes;288;288;0;0;0;0;20250422;preliminar20240422v1;4b;2024
12;Región de Magallanes;121;Magallanes;12103;Río Verde;121;Magallanes;;;;;;;20250422;preliminar20240422v1;4b;2024
12;Región de Magallanes;121;Magallanes;12104;San Gregorio;121;Magallanes;309;242;0;0;0;0;20250422;preliminar20240422v1;4b;2024
12;Región de Magallanes;122;Antártica C;12201;Cabo de Hornos;121;Magallanes;292;283;13;7;0;0;20250422;preliminar20240422v1;4b;2024
12;Región de Magallanes;122;Antártica C;12202;Antártica;121;Magallanes;;;;;;;20250422;preliminar20240422v1;4b;2024
12;Región de Magallanes;123;Tierra del;12301;Porvenir;121;Magallanes;278;272;-2;19;0;1;20250422;preliminar20240422v1;4b;2024
12;Región de Magallanes;123;Tierra del;12302;Primavera;121;Magallanes;271;236;0;0;0;0;20250422;preliminar20240422v1;4b;2024
12;Región de Magallanes;123;Tierra del;12303;Timaukel;121;Magallanes;275;279;0;0;0;0;20250422;preliminar20240422v1;4b;2024
12;Región de Magallanes;124;Última Espe;12401;Natales;121;Magallanes;269;259;0;3;0;0;20250422;preliminar20240422v1;4b;2024
12;Región de Magallanes;124;Última Espe;12402;Torres del Paine;121;Magallanes;267;222;0;0;0;0;20250422;preliminar20240422v1;4b;2024
13;Región metropolitana;131;Santiago;13101;Santiago;131;Centro;283;266;4;4;0;0;20250422;preliminar20240422v1;4b;2024
13;Región metropolitana;131;Santiago;13102;Cerrillos;134;Poniente;270;254;7;4;0;0;20250422;preliminar20240422v1;4b;2024
13;Región metropolitana;131;Santiago;13103;Cerro Navia;134;Poniente;267;257;6;10;0;1;20250422;preliminar20240422v1;4b;2024
13;Región metropolitana;131;Santiago;13104;Conchalí;137;Norte;272;261;3;3;0;0;20250422;preliminar20240422v1;4b;2024
13;Región metropolitana;131;Santiago;13105;El Bosque;132;Sur;276;265;9;9;1;1;20250422;preliminar20240422v1;4b;2024
13;Región metropolitana;131;Santiago;13106;Estación Central;134;Poniente;275;257;7;4;1;0;20250422;preliminar20240422v1;4b;2024
13;Región metropolitana;136;Talagante;13602;El Monte;135;Talagante;275;260;11;15;1;1;20250422;preliminar20240422v1;4b;2024
13;Región metropolitana;136;Talagante;13603;Isla de Maipo;135;Talagante;267;251;12;11;1;1;20250422;preliminar20240422v1;4b;2024
13;Región metropolitana;136;Talagante;13604;Padre Hurtado;135;Talagante;275;259;6;3;0;0;20250422;preliminar20240422v1;4b;2024
13;Región metropolitana;136;Talagante;13605;Peñaflor;135;Talagante;273;256;8;3;1;0;20250422;preliminar20240422v1;4b;2024
13;Región metropolitana;135;Melipilla;13501;Melipilla;135;Talagante;277;262;4;5;0;0;20250422;preliminar20240422v1;4b;2024
13;Región metropolitana;135;Melipilla;13502;Alhué;135;Talagante;282;255;22;6;1;0;20250422;preliminar20240422v1;4b;2024
13;Región metropolitana;135;Melipilla;13503;Curacaví;135;Talagante;270;259;8;10;1;1;20250422;preliminar20240422v1;4b;2024
13;Región metropolitana;135;Melipilla;13504;María Pinto;135;Talagante;271;260;14;24;1;1;20250422;preliminar20240422v1;4b;2024
13;Región metropolitana;135;Melipilla;13505;San Pedro;135;Talagante;262;247;5;5;0;0;20250422;preliminar20240422v1;4b;2024
13;Región metropolitana;136;Talagante;13601;Talagante;135;Talagante;284;274;6;3;0;0;20250422;preliminar20240422v1;4b;2024
13;Región metropolitana;133;Chacabuco;13302;Lampa;137;Norte;273;262;8;7;1;1;20250422;preliminar20240422v1;4b;2024
13;Región metropolitana;133;Chacabuco;13303;Tiltil;137;Norte;264;241;8;-1;0;0;20250422;preliminar20240422v1;4b;2024
13;Región metropolitana;134;Maipo;13401;San Bernardo;132;Sur;273;258;11;9;1;1;20250422;preliminar20240422v1;4b;2024
13;Región metropolitana;134;Maipo;13402;Buin;132;Sur;275;261;5;3;0;0;20250422;preliminar20240422v1;4b;2024
13;Región metropolitana;134;Maipo;13403;Calera de Tango;132;Sur;280;270;7;12;0;1;20250422;preliminar20240422v1;4b;2024
13;Región metropolitana;134;Maipo;13404;Paine;132;Sur;269;259;4;6;0;1;20250422;preliminar20240422v1;4b;2024
13;Región metropolitana;131;Santiago;13131;San Ramón;132;Sur;281;268;6;7;0;1;20250422;preliminar20240422v1;4b;2024
13;Región metropolitana;131;Santiago;13132;Vitacura;133;Oriente;311;302;3;-2;0;0;20250422;preliminar20240422v1;4b;2024
13;Región metropolitana;132;Cordillera;13201;Puente Alto;136;Cordillera;279;268;7;6;1;1;20250422;preliminar20240422v1;4b;2024
13;Región metropolitana;132;Cordillera;13202;Pirque;136;Cordillera;274;259;7;6;0;0;20250422;preliminar20240422v1;4b;2024
13;Región metropolitana;132;Cordillera;13203;San José de Maipo;136;Cordillera;271;257;5;6;0;0;20250422;preliminar20240422v1;4b;2024
13;Región metropolitana;133;Chacabuco;13301;Colina;137;Norte;295;284;8;2;1;0;20250422;preliminar20240422v1;4b;2024
13;Región metropolitana;131;Santiago;13125;Quilicura;137;Norte;283;269;7;5;1;0;20250422;preliminar20240422v1;4b;2024
13;Región metropolitana;131;Santiago;13126;Quinta Normal;134;Poniente;277;259;4;3;0;0;20250422;preliminar20240422v1;4b;2024
13;Región metropolitana;131;Santiago;13127;Recoleta;137;Norte;270;255;9;8;1;1;20250422;preliminar20240422v1;4b;2024
13;Región metropolitana;131;Santiago;13128;Renca;134;Poniente;271;260;5;3;0;0;20250422;preliminar20240422v1;4b;2024
13;Región metropolitana;131;Santiago;13129;San Joaquín;131;Centro;266;250;3;0;0;0;20250422;preliminar20240422v1;4b;2024
13;Región metropolitana;131;Santiago;13130;San Miguel;131;Centro;289;273;5;5;0;0;20250422;preliminar20240422v1;4b;2024
13;Región metropolitana;131;Santiago;13119;Maipú;134;Poniente;281;264;5;2;0;0;20250422;preliminar20240422v1;4b;2024
13;Región metropolitana;131;Santiago;13120;Ñuñoa;133;Oriente;295;281;5;4;0;0;20250422;preliminar20240422v1;4b;2024
13;Región metropolitana;131;Santiago;13121;Pedro Aguirre Cerda;131;Centro;274;260;10;8;1;1;20250422;preliminar20240422v1;4b;2024
13;Región metropolitana;131;Santiago;13122;Peñalolén;133;Oriente;284;269;7;4;1;0;20250422;preliminar20240422v1;4b;2024
13;Región metropolitana;131;Santiago;13123;Providencia;133;Oriente;307;294;7;5;1;0;20250422;preliminar20240422v1;4b;2024
13;Región metropolitana;131;Santiago;13124;Pudahuel;134;Poniente;277;265;4;4;0;0;20250422;preliminar20240422v1;4b;2024
13;Región metropolitana;131;Santiago;13113;La Reina;133;Oriente;296;286;2;3;0;0;20250422;preliminar20240422v1;4b;2024
13;Región metropolitana;131;Santiago;13114;Las Condes;133;Oriente;308;298;8;2;1;0;20250422;preliminar20240422v1;4b;2024
13;Región metropolitana;131;Santiago;13115;Lo Barnechea;133;Oriente;302;296;6;2;1;0;20250422;preliminar20240422v1;4b;2024
13;Región metropolitana;131;Santiago;13116;Lo Espejo;132;Sur;267;252;4;6;0;0;20250422;preliminar20240422v1;4b;2024
13;Región metropolitana;131;Santiago;13117;Lo Prado;134;Poniente;279;269;10;15;1;1;20250422;preliminar20240422v1;4b;2024
13;Región metropolitana;131;Santiago;13118;Macul;133;Oriente;286;270;9;6;1;0;20250422;preliminar20240422v1;4b;2024
13;Región metropolitana;131;Santiago;13107;Huechuraba;137;Norte;285;274;7;7;1;1;20250422;preliminar20240422v1;4b;2024
13;Región metropolitana;131;Santiago;13108;Independencia;137;Norte;276;264;7;8;1;1;20250422;preliminar20240422v1;4b;2024
13;Región metropolitana;131;Santiago;13109;La Cisterna;132;Sur;276;261;5;4;0;0;20250422;preliminar20240422v1;4b;2024
13;Región metropolitana;131;Santiago;13110;La Florida;136;Cordillera;280;266;6;4;0;0;20250422;preliminar20240422v1;4b;2024
13;Región metropolitana;131;Santiago;13111;La granja;132;Sur;273;261;7;6;1;0;20250422;preliminar20240422v1;4b;2024
13;Región metropolitana;131;Santiago;13112;La Pintana;136;Cordillera;265;253;6;8;1;1;20250422;preliminar20240422v1;4b;2024
14;Región de los ríos;141;Valdivia;14101;Valdivia;141;Valdivia;280;266;6;4;0;0;20250422;preliminar20240422v1;4b;2024
14;Región de los ríos;141;Valdivia;14102;Corral;141;Valdivia;256;241;-4;9;0;0;20250422;preliminar20240422v1;4b;2024
14;Región de los ríos;141;Valdivia;14103;Lanco;141;Valdivia;263;252;-1;6;0;0;20250422;preliminar20240422v1;4b;2024
14;Región de los ríos;141;Valdivia;14104;Los Lagos;141;Valdivia;269;248;-4;2;0;0;20250422;preliminar20240422v1;4b;2024
14;Región de los ríos;141;Valdivia;14105;Máfil;141;Valdivia;265;231;10;-4;0;0;20250422;preliminar20240422v1;4b;2024
14;Región de los ríos;141;Valdivia;14106;Mariquina;141;Valdivia;268;249;13;12;1;1;20250422;preliminar20240422v1;4b;2024
14;Región de los ríos;141;Valdivia;14107;Paillaco;141;Valdivia;257;246;-10;1;-1;0;20250422;preliminar20240422v1;4b;2024
14;Región de los ríos;141;Valdivia;14108;Panguipulli;141;Valdivia;275;254;10;11;1;1;20250422;preliminar20240422v1;4b;2024
14;Región de los ríos;142;Del Ranco;14201;La Unión;142;Ranco;285;269;6;9;0;1;20250422;preliminar20240422v1;4b;2024
14;Región de los ríos;142;Del Ranco;14202;Futrono;142;Ranco;257;247;-8;-1;0;0;20250422;preliminar20240422v1;4b;2024
14;Región de los ríos;142;Del Ranco;14203;Lago Ranco;142;Ranco;272;254;10;13;0;1;20250422;preliminar20240422v1;4b;2024
14;Región de los ríos;142;Del Ranco;14204;Río Bueno;142;Ranco;279;264;15;12;1;1;20250422;preliminar20240422v1;4b;2024
15;Región de arica y par;151;Arica;15101;Arica;151;Arica;286;272;9;8;1;1;20250422;preliminar20240422v1;4b;2024
15;Región de arica y par;151;Arica;15102;Camarones;151;Arica;298;267;67;53;1;1;20250422;preliminar20240422v1;4b;2024
15;Región de arica y par;152;Parinacota;15201;Putre;152;Parinacota;280;266;-10;-19;0;-1;20250422;preliminar20240422v1;4b;2024
15;Región de arica y par;152;Parinacota;15202;General Lagos;152;Parinacota;211;228;20;36;0;1;20250422;preliminar20240422v1;4b;2024
16;Región de Ñuble;161;Diguillín;16101;Chillán;161;Diguillín;282;270;7;5;1;0;20250422;preliminar20240422v1;4b;2024
16;Región de Ñuble;161;Diguillín;16102;Bulnes;161;Diguillín;260;254;1;13;0;1;20250422;preliminar20240422v1;4b;2024
16;Región de Ñuble;161;Diguillín;16103;Chillán Viejo;161;Diguillín;275;260;12;14;1;1;20250422;preliminar20240422v1;4b;2024
16;Región de Ñuble;161;Diguillín;16104;El Carmen;161;Diguillín;283;273;29;32;1;1;20250422;preliminar20240422v1;4b;2024
16;Región de Ñuble;161;Diguillín;16105;Pemuco;161;Diguillín;264;252;22;21;1;1;20250422;preliminar20240422v1;4b;2024
16;Región de Ñuble;161;Diguillín;16106;Pinto;161;Diguillín;285;269;12;7;1;0;20250422;preliminar20240422v1;4b;2024
16;Región de Ñuble;163;Punilla;16303;Ñiquén;161;Diguillín;272;259;21;25;1;1;20250422;preliminar20240422v1;4b;2024
16;Región de Ñuble;163;Punilla;16304;San Fabián;161;Diguillín;285;255;13;-5;1;0;20250422;preliminar20240422v1;4b;2024
16;Región de Ñuble;163;Punilla;16305;San Nicolás;161;Diguillín;315;308;11;8;1;0;20250422;preliminar20240422v1;4b;2024
16;Región de Ñuble;162;Itata;16204;Ninhue;161;Diguillín;254;245;-4;-16;0;-1;20250422;preliminar20240422v1;4b;2024
16;Región de Ñuble;162;Itata;16205;Portezuelo;161;Diguillín;279;266;30;31;1;1;20250422;preliminar20240422v1;4b;2024
16;Región de Ñuble;162;Itata;16206;Ránquil;161;Diguillín;286;268;9;11;0;0;20250422;preliminar20240422v1;4b;2024
16;Región de Ñuble;162;Itata;16207;Treguaco;161;Diguillín;270;252;-18;-17;-1;-1;20250422;preliminar20240422v1;4b;2024
16;Región de Ñuble;163;Punilla;16301;San Carlos;161;Diguillín;279;273;7;10;0;1;20250422;preliminar20240422v1;4b;2024
16;Región de Ñuble;163;Punilla;16302;Coihueco;161;Diguillín;276;272;7;6;0;0;20250422;preliminar20240422v1;4b;2024
16;Región de Ñuble;161;Diguillín;16107;Quillón;161;Diguillín;284;270;5;2;0;0;20250422;preliminar20240422v1;4b;2024
16;Región de Ñuble;161;Diguillín;16108;San Ignacio;161;Diguillín;270;261;9;10;0;1;20250422;preliminar20240422v1;4b;2024
16;Región de Ñuble;161;Diguillín;16109;Yungay;161;Diguillín;267;251;-3;-5;0;0;20250422;preliminar20240422v1;4b;2024
16;Región de Ñuble;162;Itata;16201;Quirihue;161;Diguillín;284;266;13;0;1;0;20250422;preliminar20240422v1;4b;2024
16;Región de Ñuble;162;Itata;16202;Cobquecura;161;Diguillín;255;263;-31;-6;-1;0;20250422;preliminar20240422v1;4b;2024
16;Región de Ñuble;162;Itata;16203;Coelemu;161;Diguillín;279;268;8;9;0;1;20250422;preliminar20240422v1;4b;2024
